node_id,title,english_title,group,kernel_id,definition_evidence,execution_status,execution_evidence,algorithm_status,algorithm_evidence,report_status,parameter_status,ui_acceptance,method_ids,action,notes,review_date,source_revision
yssbi.constant.get,读取常量,Get Constant,基础设施,yssbi.constant.get,src-tauri/crates/yss-node-catalog/src/project.rs:140,已注册（静态）,src-tauri/crates/yss-node-kernel/src/builtins/mod.rs,执行实现存在（静态）,src-tauri/crates/yss-node-kernel/src/builtins/mod.rs,结果查询基础；展示需逐项验收,定义与实现契约装配校验；未运行验收,未执行,,保留并验收,目录说明不代表运行实现；本表未做运行验收。 原清单无直接对应条目或未单列；作为基础设施/额外能力保留。,2026-09-16,working-tree@ed2f321106433943f2eb1e9c0212de9c37d335ad
yssbi.core.reroute,重路由,Reroute,基础设施,,src-tauri/crates/yss-node-catalog/src/core_nodes/reroute.rs,透明节点（不生成执行操作）,src-tauri/crates/yss-node-catalog/src/core_nodes/reroute.rs:52,不适用（透明路由）,,未核对,未核对,未执行,,保留并验收路由,节点实际注册为 TransparentNodeRole；内置 kernel 表虽仍有同名项，但它不是此透明节点的执行绑定。 原清单无直接对应条目或未单列；作为基础设施/额外能力保留。,2026-09-16,ed2f321106433943f2eb1e9c0212de9c37d335ad
yssbi.data_series.convert.categorical_to_float64,分类转 Float64,Categorical to Float64,类型转换,yssbi.data_series.convert.categorical_to_float64,src-tauri/crates/yss-node-catalog/src/core_nodes/value.rs:92,未注册,src-tauri/crates/yss-node-kernel/src/builtins/mod.rs,未定位节点专用实现,,未核对,未核对,未执行,3,补接,目录说明不代表运行实现；本表未做运行验收。,2026-09-16,working-tree@ed2f321106433943f2eb1e9c0212de9c37d335ad
yssbi.data_series.convert.categorical_to_int64,分类转 Int64,Categorical to Int64,类型转换,yssbi.data_series.convert.categorical_to_int64,src-tauri/crates/yss-node-catalog/src/core_nodes/value.rs:80,未注册,src-tauri/crates/yss-node-kernel/src/builtins/mod.rs,未定位节点专用实现,,未核对,未核对,未执行,3,补接,目录说明不代表运行实现；本表未做运行验收。,2026-09-16,working-tree@ed2f321106433943f2eb1e9c0212de9c37d335ad
yssbi.data_series.convert.categorical_to_string,分类转字符串,Categorical to String,类型转换,yssbi.data_series.convert.categorical_to_string,src-tauri/crates/yss-node-catalog/src/core_nodes/value.rs:68,未注册,src-tauri/crates/yss-node-kernel/src/builtins/mod.rs,未定位节点专用实现,,未核对,未核对,未执行,3,补接,目录说明不代表运行实现；本表未做运行验收。,2026-09-16,working-tree@ed2f321106433943f2eb1e9c0212de9c37d335ad
yssbi.data_series.convert.float64_to_bool,Float64 转布尔值,Float64 to Boolean,类型转换,yssbi.data_series.convert.float64_to_bool,src-tauri/crates/yss-node-catalog/src/core_nodes/value.rs:62,未注册,src-tauri/crates/yss-node-kernel/src/builtins/mod.rs,未定位节点专用实现,,未核对,未核对,未执行,3,补接,目录说明不代表运行实现；本表未做运行验收。,2026-09-16,working-tree@ed2f321106433943f2eb1e9c0212de9c37d335ad
yssbi.data_series.convert.float64_to_categorical,Float64 转分类,Float64 to Categorical,类型转换,yssbi.data_series.convert.float64_to_categorical,src-tauri/crates/yss-node-catalog/src/core_nodes/value.rs:86,未注册,src-tauri/crates/yss-node-kernel/src/builtins/mod.rs,未定位节点专用实现,,未核对,未核对,未执行,3,补接,目录说明不代表运行实现；本表未做运行验收。,2026-09-16,working-tree@ed2f321106433943f2eb1e9c0212de9c37d335ad
yssbi.data_series.convert.float64_to_int64,Float64 转 Int64,Float64 to Int64,类型转换,yssbi.data_series.convert.float64_to_int64,src-tauri/crates/yss-node-catalog/src/core_nodes/value.rs:50,未注册,src-tauri/crates/yss-node-kernel/src/builtins/mod.rs,未定位节点专用实现,,未核对,未核对,未执行,3,补接,目录说明不代表运行实现；本表未做运行验收。,2026-09-16,working-tree@ed2f321106433943f2eb1e9c0212de9c37d335ad
yssbi.data_series.convert.float64_to_string,Float64 转字符串,Float64 to String,类型转换,yssbi.data_series.convert.float64_to_string,src-tauri/crates/yss-node-catalog/src/core_nodes/value.rs:38,未注册,src-tauri/crates/yss-node-kernel/src/builtins/mod.rs,未定位节点专用实现,,未核对,未核对,未执行,3,补接,目录说明不代表运行实现；本表未做运行验收。,2026-09-16,working-tree@ed2f321106433943f2eb1e9c0212de9c37d335ad
yssbi.data_series.convert.int64_to_bool,Int64 转布尔值,Int64 to Boolean,类型转换,yssbi.data_series.convert.int64_to_bool,src-tauri/crates/yss-node-catalog/src/core_nodes/value.rs:56,未注册,src-tauri/crates/yss-node-kernel/src/builtins/mod.rs,未定位节点专用实现,,未核对,未核对,未执行,3,补接,目录说明不代表运行实现；本表未做运行验收。,2026-09-16,working-tree@ed2f321106433943f2eb1e9c0212de9c37d335ad
yssbi.data_series.convert.int64_to_categorical,Int64 转分类,Int64 to Categorical,类型转换,yssbi.data_series.convert.int64_to_categorical,src-tauri/crates/yss-node-catalog/src/core_nodes/value.rs:74,未注册,src-tauri/crates/yss-node-kernel/src/builtins/mod.rs,未定位节点专用实现,,未核对,未核对,未执行,3,补接,目录说明不代表运行实现；本表未做运行验收。,2026-09-16,working-tree@ed2f321106433943f2eb1e9c0212de9c37d335ad
yssbi.data_series.convert.int64_to_float64,Int64 转 Float64,Int64 to Float64,类型转换,yssbi.data_series.convert.int64_to_float64,src-tauri/crates/yss-node-catalog/src/core_nodes/value.rs:44,未注册,src-tauri/crates/yss-node-kernel/src/builtins/mod.rs,未定位节点专用实现,,未核对,未核对,未执行,3,补接,目录说明不代表运行实现；本表未做运行验收。,2026-09-16,working-tree@ed2f321106433943f2eb1e9c0212de9c37d335ad
yssbi.data_series.convert.int64_to_string,Int64 转字符串,Int64 to String,类型转换,yssbi.data_series.convert.int64_to_string,src-tauri/crates/yss-node-catalog/src/core_nodes/value.rs:32,未注册,src-tauri/crates/yss-node-kernel/src/builtins/mod.rs,未定位节点专用实现,,未核对,未核对,未执行,3,补接,目录说明不代表运行实现；本表未做运行验收。,2026-09-16,working-tree@ed2f321106433943f2eb1e9c0212de9c37d335ad
yssbi.data_series.convert.string_to_categorical,字符串转分类,String to Categorical,类型转换,yssbi.data_series.convert.string_to_categorical,src-tauri/crates/yss-node-catalog/src/core_nodes/value.rs:14,未注册,src-tauri/crates/yss-node-kernel/src/builtins/mod.rs,未定位节点专用实现,,未核对,未核对,未执行,3,补接,目录说明不代表运行实现；本表未做运行验收。,2026-09-16,working-tree@ed2f321106433943f2eb1e9c0212de9c37d335ad
yssbi.data_series.convert.string_to_float64,字符串转 Float64,String to Float64,类型转换,yssbi.data_series.convert.string_to_float64,src-tauri/crates/yss-node-catalog/src/core_nodes/value.rs:20,未注册,src-tauri/crates/yss-node-kernel/src/builtins/mod.rs,未定位节点专用实现,,未核对,未核对,未执行,3,补接,目录说明不代表运行实现；本表未做运行验收。,2026-09-16,working-tree@ed2f321106433943f2eb1e9c0212de9c37d335ad
yssbi.data_series.convert.string_to_int64,字符串转 Int64,String to Int64,类型转换,yssbi.data_series.convert.string_to_int64,src-tauri/crates/yss-node-catalog/src/core_nodes/value.rs:26,未注册,src-tauri/crates/yss-node-kernel/src/builtins/mod.rs,未定位节点专用实现,,未核对,未核对,未执行,3,补接,目录说明不代表运行实现；本表未做运行验收。,2026-09-16,working-tree@ed2f321106433943f2eb1e9c0212de9c37d335ad
yssbi.dataframe.combine,合并数据框,Combine DataFrame,数据处理,yssbi.dataframe.combine,src-tauri/crates/yss-node-catalog/src/dataframe/families.rs:92,未注册,src-tauri/crates/yss-node-kernel/src/builtins/mod.rs,未定位节点专用实现,,未核对,未核对,未执行,,补接,目录说明不代表运行实现；本表未做运行验收。 原清单无直接对应条目或未单列；作为基础设施/额外能力保留。,2026-09-16,working-tree@ed2f321106433943f2eb1e9c0212de9c37d335ad
yssbi.dataframe.decompose,拆分数据框,Decompose DataFrame,数据处理,yssbi.dataframe.decompose,src-tauri/crates/yss-node-catalog/src/dataframe/families.rs:84,已注册（静态）,src-tauri/crates/yss-node-kernel/src/builtins/mod.rs,执行实现存在（静态）,src-tauri/crates/yss-node-kernel/src/builtins/relational.rs,结果查询基础；展示需逐项验收,定义与实现契约装配校验；未运行验收,未执行,,保留并验收,关系计划/数列句柄实现存在；首批核对变量选择、行域和错误反馈。 原清单无直接对应条目或未单列；作为基础设施/额外能力保留。,2026-09-16,working-tree@ed2f321106433943f2eb1e9c0212de9c37d335ad
yssbi.dataframe.filter.rows,筛选行,Filter Rows,数据处理,yssbi.dataframe.filter.rows,src-tauri/crates/yss-node-catalog/src/dataframe/families.rs:76,已注册（静态）,src-tauri/crates/yss-node-kernel/src/builtins/mod.rs,执行实现存在（静态）,src-tauri/crates/yss-node-kernel/src/builtins/relational.rs,结果查询基础；展示需逐项验收,定义与实现契约装配校验；未运行验收,未执行,5;6;288,保留并验收,关系计划/数列句柄实现存在；首批核对变量选择、行域和错误反馈。,2026-09-16,working-tree@ed2f321106433943f2eb1e9c0212de9c37d335ad
yssbi.dataframe.limit,限制数据框行数,Limit DataFrame,数据处理,yssbi.dataframe.limit,src-tauri/crates/yss-node-catalog/src/dataframe/families.rs:52,已注册（静态）,src-tauri/crates/yss-node-kernel/src/builtins/mod.rs,执行实现存在（静态）,src-tauri/crates/yss-node-kernel/src/builtins/relational.rs,结果查询基础；展示需逐项验收,定义与实现契约装配校验；未运行验收,未执行,,保留并验收,关系计划/数列句柄实现存在；首批核对变量选择、行域和错误反馈。 原清单无直接对应条目或未单列；作为基础设施/额外能力保留。,2026-09-16,working-tree@ed2f321106433943f2eb1e9c0212de9c37d335ad
yssbi.dataframe.panel.align,对齐面板数据,Align Panel Data,数据处理,yssbi.dataframe.panel.align,src-tauri/crates/yss-node-catalog/src/dataframe/families.rs:284,未注册,src-tauri/crates/yss-node-kernel/src/builtins/mod.rs,Runtime 数据变换存在；节点未接入,src-tauri/crates/yss-sci-runtime/src/data/panel.rs,未核对,未核对,未执行,,补接,目录说明不代表运行实现；本表未做运行验收。 原清单无直接对应条目或未单列；作为基础设施/额外能力保留。,2026-09-16,working-tree@ed2f321106433943f2eb1e9c0212de9c37d335ad
yssbi.dataframe.panel.difference,面板数据差分,Panel Difference,数据处理,yssbi.dataframe.panel.difference,src-tauri/crates/yss-node-catalog/src/dataframe/families.rs:292,未注册,src-tauri/crates/yss-node-kernel/src/builtins/mod.rs,Runtime 数据变换存在；节点未接入,src-tauri/crates/yss-sci-runtime/src/data/panel.rs,未核对,未核对,未执行,,补接,目录说明不代表运行实现；本表未做运行验收。 原清单无直接对应条目或未单列；作为基础设施/额外能力保留。,2026-09-16,working-tree@ed2f321106433943f2eb1e9c0212de9c37d335ad
yssbi.dataframe.project,投影数据框,Project DataFrame,数据处理,yssbi.dataframe.project,src-tauri/crates/yss-node-catalog/src/dataframe/families.rs:68,已注册（静态）,src-tauri/crates/yss-node-kernel/src/builtins/mod.rs,执行实现存在（静态）,src-tauri/crates/yss-node-kernel/src/builtins/relational.rs,结果查询基础；展示需逐项验收,定义与实现契约装配校验；未运行验收,未执行,,保留并验收,关系计划/数列句柄实现存在；首批核对变量选择、行域和错误反馈。 原清单无直接对应条目或未单列；作为基础设施/额外能力保留。,2026-09-16,working-tree@ed2f321106433943f2eb1e9c0212de9c37d335ad
yssbi.dataframe.rename,重命名数据框,Rename DataFrame,数据处理,yssbi.dataframe.rename,src-tauri/crates/yss-node-catalog/src/dataframe/families.rs:60,已注册（静态）,src-tauri/crates/yss-node-kernel/src/builtins/mod.rs,执行实现存在（静态）,src-tauri/crates/yss-node-kernel/src/builtins/relational.rs,结果查询基础；展示需逐项验收,定义与实现契约装配校验；未运行验收,未执行,1,保留并验收,关系计划/数列句柄实现存在；首批核对变量选择、行域和错误反馈。,2026-09-16,working-tree@ed2f321106433943f2eb1e9c0212de9c37d335ad
yssbi.dataframe.series.annotate_dummy,添加虚拟变量信息,Add Dummy Information,数据处理,yssbi.dataframe.series.annotate_dummy,src-tauri/crates/yss-node-catalog/src/dataframe/families.rs:236,未注册,src-tauri/crates/yss-node-kernel/src/builtins/mod.rs,未定位节点专用实现,,未核对,未核对,未执行,,补接,目录说明不代表运行实现；本表未做运行验收。 原清单无直接对应条目或未单列；作为基础设施/额外能力保留。,2026-09-16,working-tree@ed2f321106433943f2eb1e9c0212de9c37d335ad
yssbi.dataframe.series.compare.equal,序列等于,DataSeries Equal,数据处理,yssbi.dataframe.series.compare.equal,src-tauri/crates/yss-node-catalog/src/dataframe/families.rs:188,未注册,src-tauri/crates/yss-node-kernel/src/builtins/mod.rs,已有关系谓词基础；数列节点未接入,src-tauri/crates/yss-node-kernel/src/builtins/relational.rs,未核对,未核对,未执行,,补接,不能因标量 compare kernel 已注册而认定数列 compare 节点已接入。 原清单无直接对应条目或未单列；作为基础设施/额外能力保留。,2026-09-16,working-tree@ed2f321106433943f2eb1e9c0212de9c37d335ad
yssbi.dataframe.series.compare.greater,序列大于,DataSeries Greater Than,数据处理,yssbi.dataframe.series.compare.greater,src-tauri/crates/yss-node-catalog/src/dataframe/families.rs:156,未注册,src-tauri/crates/yss-node-kernel/src/builtins/mod.rs,已有关系谓词基础；数列节点未接入,src-tauri/crates/yss-node-kernel/src/builtins/relational.rs,未核对,未核对,未执行,,补接,不能因标量 compare kernel 已注册而认定数列 compare 节点已接入。 原清单无直接对应条目或未单列；作为基础设施/额外能力保留。,2026-09-16,working-tree@ed2f321106433943f2eb1e9c0212de9c37d335ad
yssbi.dataframe.series.compare.greater_equal,序列大于等于,DataSeries Greater or Equal,数据处理,yssbi.dataframe.series.compare.greater_equal,src-tauri/crates/yss-node-catalog/src/dataframe/families.rs:172,未注册,src-tauri/crates/yss-node-kernel/src/builtins/mod.rs,已有关系谓词基础；数列节点未接入,src-tauri/crates/yss-node-kernel/src/builtins/relational.rs,未核对,未核对,未执行,,补接,不能因标量 compare kernel 已注册而认定数列 compare 节点已接入。 原清单无直接对应条目或未单列；作为基础设施/额外能力保留。,2026-09-16,working-tree@ed2f321106433943f2eb1e9c0212de9c37d335ad
yssbi.dataframe.series.compare.less,序列小于,DataSeries Less Than,数据处理,yssbi.dataframe.series.compare.less,src-tauri/crates/yss-node-catalog/src/dataframe/families.rs:164,未注册,src-tauri/crates/yss-node-kernel/src/builtins/mod.rs,已有关系谓词基础；数列节点未接入,src-tauri/crates/yss-node-kernel/src/builtins/relational.rs,未核对,未核对,未执行,,补接,不能因标量 compare kernel 已注册而认定数列 compare 节点已接入。 原清单无直接对应条目或未单列；作为基础设施/额外能力保留。,2026-09-16,working-tree@ed2f321106433943f2eb1e9c0212de9c37d335ad
yssbi.dataframe.series.compare.less_equal,序列小于等于,DataSeries Less or Equal,数据处理,yssbi.dataframe.series.compare.less_equal,src-tauri/crates/yss-node-catalog/src/dataframe/families.rs:180,未注册,src-tauri/crates/yss-node-kernel/src/builtins/mod.rs,已有关系谓词基础；数列节点未接入,src-tauri/crates/yss-node-kernel/src/builtins/relational.rs,未核对,未核对,未执行,,补接,不能因标量 compare kernel 已注册而认定数列 compare 节点已接入。 原清单无直接对应条目或未单列；作为基础设施/额外能力保留。,2026-09-16,working-tree@ed2f321106433943f2eb1e9c0212de9c37d335ad
yssbi.dataframe.series.compare.not_equal,序列不等于,DataSeries Not Equal,数据处理,yssbi.dataframe.series.compare.not_equal,src-tauri/crates/yss-node-catalog/src/dataframe/families.rs:196,未注册,src-tauri/crates/yss-node-kernel/src/builtins/mod.rs,已有关系谓词基础；数列节点未接入,src-tauri/crates/yss-node-kernel/src/builtins/relational.rs,未核对,未核对,未执行,,补接,不能因标量 compare kernel 已注册而认定数列 compare 节点已接入。 原清单无直接对应条目或未单列；作为基础设施/额外能力保留。,2026-09-16,working-tree@ed2f321106433943f2eb1e9c0212de9c37d335ad
yssbi.dataframe.series.compare.string.equal,字符串序列等于,String DataSeries Equal,数据处理,yssbi.dataframe.series.compare.string.equal,src-tauri/crates/yss-node-catalog/src/dataframe/families.rs:204,未注册,src-tauri/crates/yss-node-kernel/src/builtins/mod.rs,已有关系谓词基础；数列节点未接入,src-tauri/crates/yss-node-kernel/src/builtins/relational.rs,未核对,未核对,未执行,,补接,不能因标量 compare kernel 已注册而认定数列 compare 节点已接入。 原清单无直接对应条目或未单列；作为基础设施/额外能力保留。,2026-09-16,working-tree@ed2f321106433943f2eb1e9c0212de9c37d335ad
yssbi.dataframe.series.compare.string.not_equal,字符串序列不等于,String DataSeries Not Equal,数据处理,yssbi.dataframe.series.compare.string.not_equal,src-tauri/crates/yss-node-catalog/src/dataframe/families.rs:212,未注册,src-tauri/crates/yss-node-kernel/src/builtins/mod.rs,已有关系谓词基础；数列节点未接入,src-tauri/crates/yss-node-kernel/src/builtins/relational.rs,未核对,未核对,未执行,,补接,不能因标量 compare kernel 已注册而认定数列 compare 节点已接入。 原清单无直接对应条目或未单列；作为基础设施/额外能力保留。,2026-09-16,working-tree@ed2f321106433943f2eb1e9c0212de9c37d335ad
yssbi.dataframe.series.count,序列非空计数,DataSeries Count,数据处理,yssbi.dataframe.series.count,src-tauri/crates/yss-node-catalog/src/dataframe/families.rs:132,未注册,src-tauri/crates/yss-node-kernel/src/builtins/mod.rs,画像有相关聚合；专用节点未接入,src-tauri/crates/yss-datafusion/src/profile.rs,未核对,未核对,未执行,8;10,补接,列画像聚合与数列节点输入/输出契约不同；应复用关系聚合能力实现节点。,2026-09-16,working-tree@ed2f321106433943f2eb1e9c0212de9c37d335ad
yssbi.dataframe.series.int_range,整数序列,Integer Range,数据处理,yssbi.dataframe.series.int_range,src-tauri/crates/yss-node-catalog/src/dataframe/families.rs:116,未注册,src-tauri/crates/yss-node-kernel/src/builtins/mod.rs,未定位节点专用实现,,未核对,未核对,未执行,,补接,目录说明不代表运行实现；本表未做运行验收。 原清单无直接对应条目或未单列；作为基础设施/额外能力保留。,2026-09-16,working-tree@ed2f321106433943f2eb1e9c0212de9c37d335ad
yssbi.dataframe.series.inverse_standardize,逆标准化数据序列,Inverse Standardize DataSeries,数据处理,yssbi.dataframe.series.inverse_standardize,src-tauri/crates/yss-node-catalog/src/dataframe/families.rs:228,未注册,src-tauri/crates/yss-node-kernel/src/builtins/mod.rs,SCI 变换基础存在；节点未接入,src-tauri/crates/yss-sci/src/tools/standard.rs,未核对,未核对,未执行,,补接,目录说明不代表运行实现；本表未做运行验收。 原清单无直接对应条目或未单列；作为基础设施/额外能力保留。,2026-09-16,working-tree@ed2f321106433943f2eb1e9c0212de9c37d335ad
yssbi.dataframe.series.length,序列长度,DataSeries Length,数据处理,yssbi.dataframe.series.length,src-tauri/crates/yss-node-catalog/src/dataframe/families.rs:124,未注册,src-tauri/crates/yss-node-kernel/src/builtins/mod.rs,画像有相关聚合；专用节点未接入,src-tauri/crates/yss-datafusion/src/profile.rs,未核对,未核对,未执行,,补接,列画像聚合与数列节点输入/输出契约不同；应复用关系聚合能力实现节点。 原清单无直接对应条目或未单列；作为基础设施/额外能力保留。,2026-09-16,working-tree@ed2f321106433943f2eb1e9c0212de9c37d335ad
yssbi.dataframe.series.mean,序列均值,DataSeries Mean,数据处理,yssbi.dataframe.series.mean,src-tauri/crates/yss-node-catalog/src/dataframe/families.rs:148,未注册,src-tauri/crates/yss-node-kernel/src/builtins/mod.rs,画像有相关聚合；专用节点未接入,src-tauri/crates/yss-datafusion/src/profile.rs,未核对,未核对,未执行,8;10,补接,列画像聚合与数列节点输入/输出契约不同；应复用关系聚合能力实现节点。,2026-09-16,working-tree@ed2f321106433943f2eb1e9c0212de9c37d335ad
yssbi.dataframe.series.select,获取数据序列,Get DataSeries,数据处理,yssbi.dataframe.series.select,src-tauri/crates/yss-node-catalog/src/dataframe/families.rs:108,已注册（静态）,src-tauri/crates/yss-node-kernel/src/builtins/mod.rs,执行实现存在（静态）,src-tauri/crates/yss-node-kernel/src/builtins/relational.rs,结果查询基础；展示需逐项验收,定义与实现契约装配校验；未运行验收,未执行,,保留并验收,关系计划/数列句柄实现存在；首批核对变量选择、行域和错误反馈。 原清单无直接对应条目或未单列；作为基础设施/额外能力保留。,2026-09-16,working-tree@ed2f321106433943f2eb1e9c0212de9c37d335ad
yssbi.dataframe.series.standardize,标准化数据序列,Standardize DataSeries,数据处理,yssbi.dataframe.series.standardize,src-tauri/crates/yss-node-catalog/src/dataframe/families.rs:220,未注册,src-tauri/crates/yss-node-kernel/src/builtins/mod.rs,SCI 变换基础存在；节点未接入,src-tauri/crates/yss-sci/src/tools/standard.rs,未核对,未核对,未执行,,补接,目录说明不代表运行实现；本表未做运行验收。 原清单无直接对应条目或未单列；作为基础设施/额外能力保留。,2026-09-16,working-tree@ed2f321106433943f2eb1e9c0212de9c37d335ad
yssbi.dataframe.series.sum,序列求和,DataSeries Sum,数据处理,yssbi.dataframe.series.sum,src-tauri/crates/yss-node-catalog/src/dataframe/families.rs:140,未注册,src-tauri/crates/yss-node-kernel/src/builtins/mod.rs,画像有相关聚合；专用节点未接入,src-tauri/crates/yss-datafusion/src/profile.rs,未核对,未核对,未执行,,补接,列画像聚合与数列节点输入/输出契约不同；应复用关系聚合能力实现节点。 原清单无直接对应条目或未单列；作为基础设施/额外能力保留。,2026-09-16,working-tree@ed2f321106433943f2eb1e9c0212de9c37d335ad
yssbi.dataframe.source.get,获取数据框,Get DataFrame,数据处理,yssbi.dataframe.source.get,src-tauri/crates/yss-node-catalog/src/dataframe/families.rs:44,已注册（静态）,src-tauri/crates/yss-node-kernel/src/builtins/mod.rs,执行实现存在（静态）,src-tauri/crates/yss-node-kernel/src/builtins/relational.rs,结果查询基础；展示需逐项验收,定义与实现契约装配校验；未运行验收,未执行,,保留并验收,关系计划/数列句柄实现存在；首批核对变量选择、行域和错误反馈。 原清单无直接对应条目或未单列；作为基础设施/额外能力保留。,2026-09-16,working-tree@ed2f321106433943f2eb1e9c0212de9c37d335ad
yssbi.dataframe.timeseries.align,对齐时间序列,Align Time Series,数据处理,yssbi.dataframe.timeseries.align,src-tauri/crates/yss-node-catalog/src/dataframe/families.rs:244,未注册,src-tauri/crates/yss-node-kernel/src/builtins/mod.rs,Runtime 数据变换存在；节点未接入,src-tauri/crates/yss-sci-runtime/src/data/time_series/align.rs,未核对,未核对,未执行,,补接,目录说明不代表运行实现；本表未做运行验收。 原清单无直接对应条目或未单列；作为基础设施/额外能力保留。,2026-09-16,working-tree@ed2f321106433943f2eb1e9c0212de9c37d335ad
yssbi.dataframe.timeseries.difference,时间序列差分,Time-Series Difference,数据处理,yssbi.dataframe.timeseries.difference,src-tauri/crates/yss-node-catalog/src/dataframe/families.rs:252,未注册,src-tauri/crates/yss-node-kernel/src/builtins/mod.rs,Runtime 数据变换存在；节点未接入,src-tauri/crates/yss-sci-runtime/src/data/time_series/diff.rs,未核对,未核对,未执行,,补接,目录说明不代表运行实现；本表未做运行验收。 原清单无直接对应条目或未单列；作为基础设施/额外能力保留。,2026-09-16,working-tree@ed2f321106433943f2eb1e9c0212de9c37d335ad
yssbi.dataframe.timeseries.lag,时间序列滞后,Lag Time Series,数据处理,yssbi.dataframe.timeseries.lag,src-tauri/crates/yss-node-catalog/src/dataframe/families.rs:276,未注册,src-tauri/crates/yss-node-kernel/src/builtins/mod.rs,Runtime 数据变换存在；节点未接入,src-tauri/crates/yss-sci-runtime/src/data/time_series/lag.rs,未核对,未核对,未执行,,补接,目录说明不代表运行实现；本表未做运行验收。 原清单无直接对应条目或未单列；作为基础设施/额外能力保留。,2026-09-16,working-tree@ed2f321106433943f2eb1e9c0212de9c37d335ad
yssbi.dataframe.timeseries.percent_change,时间序列百分比变化,Time-Series Percent Change,数据处理,yssbi.dataframe.timeseries.percent_change,src-tauri/crates/yss-node-catalog/src/dataframe/families.rs:260,未注册,src-tauri/crates/yss-node-kernel/src/builtins/mod.rs,Runtime 数据变换存在；节点未接入,src-tauri/crates/yss-sci-runtime/src/data/time_series/pct_change.rs,未核对,未核对,未执行,,补接,目录说明不代表运行实现；本表未做运行验收。 原清单无直接对应条目或未单列；作为基础设施/额外能力保留。,2026-09-16,working-tree@ed2f321106433943f2eb1e9c0212de9c37d335ad
yssbi.dataframe.timeseries.rolling_mean,时间序列滚动均值,Time-Series Rolling Mean,数据处理,yssbi.dataframe.timeseries.rolling_mean,src-tauri/crates/yss-node-catalog/src/dataframe/families.rs:268,未注册,src-tauri/crates/yss-node-kernel/src/builtins/mod.rs,Runtime 数据变换存在；节点未接入,src-tauri/crates/yss-sci-runtime/src/data/time_series/rolling.rs,未核对,未核对,未执行,,补接,目录说明不代表运行实现；本表未做运行验收。 原清单无直接对应条目或未单列；作为基础设施/额外能力保留。,2026-09-16,working-tree@ed2f321106433943f2eb1e9c0212de9c37d335ad
yssbi.debug.view,查看数据,View Data,基础设施,yssbi.debug.view,src-tauri/crates/yss-node-catalog/src/core_nodes/debug.rs:9,已注册（静态）,src-tauri/crates/yss-node-kernel/src/builtins/mod.rs,执行实现存在（静态）,src-tauri/crates/yss-node-kernel/src/builtins/mod.rs,结果查询基础；展示需逐项验收,定义与实现契约装配校验；未运行验收,未执行,7,保留并验收,目录说明不代表运行实现；本表未做运行验收。,2026-09-16,working-tree@ed2f321106433943f2eb1e9c0212de9c37d335ad
yssbi.distribution.bernoulli.sample,伯努利分布采样,Bernoulli Samples,概率分布采样,yssbi.distribution.bernoulli.sample,src-tauri/crates/yss-node-catalog/src/distribution/mod.rs:303,未注册,src-tauri/crates/yss-node-kernel/src/builtins/mod.rs,未定位节点专用实现,,未核对,采样参数已声明；种子/执行策略待设计,未执行,,补接,仅确认分布采样定义；不对应同名回归、检验或生存模型。随机种子和执行实现需补齐。 原清单无直接对应条目或未单列；作为基础设施/额外能力保留。,2026-09-16,working-tree@ed2f321106433943f2eb1e9c0212de9c37d335ad
yssbi.distribution.beta.sample,贝塔分布采样,Beta Samples,概率分布采样,yssbi.distribution.beta.sample,src-tauri/crates/yss-node-catalog/src/distribution/mod.rs:116,未注册,src-tauri/crates/yss-node-kernel/src/builtins/mod.rs,未定位节点专用实现,,未核对,采样参数已声明；种子/执行策略待设计,未执行,,补接,仅确认分布采样定义；不对应同名回归、检验或生存模型。随机种子和执行实现需补齐。 原清单无直接对应条目或未单列；作为基础设施/额外能力保留。,2026-09-16,working-tree@ed2f321106433943f2eb1e9c0212de9c37d335ad
yssbi.distribution.binomial.sample,二项分布采样,Binomial Samples,概率分布采样,yssbi.distribution.binomial.sample,src-tauri/crates/yss-node-catalog/src/distribution/mod.rs:316,未注册,src-tauri/crates/yss-node-kernel/src/builtins/mod.rs,未定位节点专用实现,,未核对,采样参数已声明；种子/执行策略待设计,未执行,,补接,仅确认分布采样定义；不对应同名回归、检验或生存模型。随机种子和执行实现需补齐。 原清单无直接对应条目或未单列；作为基础设施/额外能力保留。,2026-09-16,working-tree@ed2f321106433943f2eb1e9c0212de9c37d335ad
yssbi.distribution.cauchy.sample,柯西分布采样,Cauchy Samples,概率分布采样,yssbi.distribution.cauchy.sample,src-tauri/crates/yss-node-catalog/src/distribution/mod.rs:147,未注册,src-tauri/crates/yss-node-kernel/src/builtins/mod.rs,未定位节点专用实现,,未核对,采样参数已声明；种子/执行策略待设计,未执行,,补接,仅确认分布采样定义；不对应同名回归、检验或生存模型。随机种子和执行实现需补齐。 原清单无直接对应条目或未单列；作为基础设施/额外能力保留。,2026-09-16,working-tree@ed2f321106433943f2eb1e9c0212de9c37d335ad
yssbi.distribution.chi_squared.sample,卡方分布采样,Chi-squared Samples,概率分布采样,yssbi.distribution.chi_squared.sample,src-tauri/crates/yss-node-catalog/src/distribution/mod.rs:161,未注册,src-tauri/crates/yss-node-kernel/src/builtins/mod.rs,未定位节点专用实现,,未核对,采样参数已声明；种子/执行策略待设计,未执行,,补接,仅确认分布采样定义；不对应同名回归、检验或生存模型。随机种子和执行实现需补齐。 原清单无直接对应条目或未单列；作为基础设施/额外能力保留。,2026-09-16,working-tree@ed2f321106433943f2eb1e9c0212de9c37d335ad
yssbi.distribution.discrete_uniform.sample,离散均匀分布采样,Discrete-uniform Samples,概率分布采样,yssbi.distribution.discrete_uniform.sample,src-tauri/crates/yss-node-catalog/src/distribution/mod.rs:370,未注册,src-tauri/crates/yss-node-kernel/src/builtins/mod.rs,未定位节点专用实现,,未核对,采样参数已声明；种子/执行策略待设计,未执行,,补接,仅确认分布采样定义；不对应同名回归、检验或生存模型。随机种子和执行实现需补齐。 原清单无直接对应条目或未单列；作为基础设施/额外能力保留。,2026-09-16,working-tree@ed2f321106433943f2eb1e9c0212de9c37d335ad
yssbi.distribution.erlang.sample,爱尔朗分布采样,Erlang Samples,概率分布采样,yssbi.distribution.erlang.sample,src-tauri/crates/yss-node-catalog/src/distribution/mod.rs:289,未注册,src-tauri/crates/yss-node-kernel/src/builtins/mod.rs,未定位节点专用实现,,未核对,采样参数已声明；种子/执行策略待设计,未执行,,补接,仅确认分布采样定义；不对应同名回归、检验或生存模型。随机种子和执行实现需补齐。 原清单无直接对应条目或未单列；作为基础设施/额外能力保留。,2026-09-16,working-tree@ed2f321106433943f2eb1e9c0212de9c37d335ad
yssbi.distribution.exponential.sample,指数分布采样,Exponential Samples,概率分布采样,yssbi.distribution.exponential.sample,src-tauri/crates/yss-node-catalog/src/distribution/mod.rs:89,未注册,src-tauri/crates/yss-node-kernel/src/builtins/mod.rs,未定位节点专用实现,,未核对,采样参数已声明；种子/执行策略待设计,未执行,,补接,仅确认分布采样定义；不对应同名回归、检验或生存模型。随机种子和执行实现需补齐。 原清单无直接对应条目或未单列；作为基础设施/额外能力保留。,2026-09-16,working-tree@ed2f321106433943f2eb1e9c0212de9c37d335ad
yssbi.distribution.fisher_snedecor.sample,F 分布采样,F-distribution Samples,概率分布采样,yssbi.distribution.fisher_snedecor.sample,src-tauri/crates/yss-node-catalog/src/distribution/mod.rs:263,未注册,src-tauri/crates/yss-node-kernel/src/builtins/mod.rs,未定位节点专用实现,,未核对,采样参数已声明；种子/执行策略待设计,未执行,,补接,仅确认分布采样定义；不对应同名回归、检验或生存模型。随机种子和执行实现需补齐。 原清单无直接对应条目或未单列；作为基础设施/额外能力保留。,2026-09-16,working-tree@ed2f321106433943f2eb1e9c0212de9c37d335ad
yssbi.distribution.gamma.sample,伽马分布采样,Gamma Samples,概率分布采样,yssbi.distribution.gamma.sample,src-tauri/crates/yss-node-catalog/src/distribution/mod.rs:102,未注册,src-tauri/crates/yss-node-kernel/src/builtins/mod.rs,未定位节点专用实现,,未核对,采样参数已声明；种子/执行策略待设计,未执行,,补接,仅确认分布采样定义；不对应同名回归、检验或生存模型。随机种子和执行实现需补齐。 原清单无直接对应条目或未单列；作为基础设施/额外能力保留。,2026-09-16,working-tree@ed2f321106433943f2eb1e9c0212de9c37d335ad
yssbi.distribution.geometric.sample,几何分布采样,Geometric Samples,概率分布采样,yssbi.distribution.geometric.sample,src-tauri/crates/yss-node-catalog/src/distribution/mod.rs:343,未注册,src-tauri/crates/yss-node-kernel/src/builtins/mod.rs,未定位节点专用实现,,未核对,采样参数已声明；种子/执行策略待设计,未执行,,补接,仅确认分布采样定义；不对应同名回归、检验或生存模型。随机种子和执行实现需补齐。 原清单无直接对应条目或未单列；作为基础设施/额外能力保留。,2026-09-16,working-tree@ed2f321106433943f2eb1e9c0212de9c37d335ad
yssbi.distribution.hypergeometric.sample,超几何分布采样,Hypergeometric Samples,概率分布采样,yssbi.distribution.hypergeometric.sample,src-tauri/crates/yss-node-catalog/src/distribution/mod.rs:384,未注册,src-tauri/crates/yss-node-kernel/src/builtins/mod.rs,未定位节点专用实现,,未核对,采样参数已声明；种子/执行策略待设计,未执行,,补接,仅确认分布采样定义；不对应同名回归、检验或生存模型。随机种子和执行实现需补齐。 原清单无直接对应条目或未单列；作为基础设施/额外能力保留。,2026-09-16,working-tree@ed2f321106433943f2eb1e9c0212de9c37d335ad
yssbi.distribution.inverse_gamma.sample,逆伽马分布采样,Inverse-gamma Samples,概率分布采样,yssbi.distribution.inverse_gamma.sample,src-tauri/crates/yss-node-catalog/src/distribution/mod.rs:234,未注册,src-tauri/crates/yss-node-kernel/src/builtins/mod.rs,未定位节点专用实现,,未核对,采样参数已声明；种子/执行策略待设计,未执行,,补接,仅确认分布采样定义；不对应同名回归、检验或生存模型。随机种子和执行实现需补齐。 原清单无直接对应条目或未单列；作为基础设施/额外能力保留。,2026-09-16,working-tree@ed2f321106433943f2eb1e9c0212de9c37d335ad
yssbi.distribution.laplace.sample,拉普拉斯分布采样,Laplace Samples,概率分布采样,yssbi.distribution.laplace.sample,src-tauri/crates/yss-node-catalog/src/distribution/mod.rs:206,未注册,src-tauri/crates/yss-node-kernel/src/builtins/mod.rs,未定位节点专用实现,,未核对,采样参数已声明；种子/执行策略待设计,未执行,,补接,仅确认分布采样定义；不对应同名回归、检验或生存模型。随机种子和执行实现需补齐。 原清单无直接对应条目或未单列；作为基础设施/额外能力保留。,2026-09-16,working-tree@ed2f321106433943f2eb1e9c0212de9c37d335ad
yssbi.distribution.log_normal.sample,对数正态分布采样,Log-normal Samples,概率分布采样,yssbi.distribution.log_normal.sample,src-tauri/crates/yss-node-catalog/src/distribution/mod.rs:178,未注册,src-tauri/crates/yss-node-kernel/src/builtins/mod.rs,未定位节点专用实现,,未核对,采样参数已声明；种子/执行策略待设计,未执行,,补接,仅确认分布采样定义；不对应同名回归、检验或生存模型。随机种子和执行实现需补齐。 原清单无直接对应条目或未单列；作为基础设施/额外能力保留。,2026-09-16,working-tree@ed2f321106433943f2eb1e9c0212de9c37d335ad
yssbi.distribution.negative_binomial.sample,负二项分布采样,Negative-binomial Samples,概率分布采样,yssbi.distribution.negative_binomial.sample,src-tauri/crates/yss-node-catalog/src/distribution/mod.rs:356,未注册,src-tauri/crates/yss-node-kernel/src/builtins/mod.rs,未定位节点专用实现,,未核对,采样参数已声明；种子/执行策略待设计,未执行,,补接,仅确认分布采样定义；不对应同名回归、检验或生存模型。随机种子和执行实现需补齐。 原清单无直接对应条目或未单列；作为基础设施/额外能力保留。,2026-09-16,working-tree@ed2f321106433943f2eb1e9c0212de9c37d335ad
yssbi.distribution.normal.sample,正态分布采样,Normal Samples,概率分布采样,yssbi.distribution.normal.sample,src-tauri/crates/yss-node-catalog/src/distribution/mod.rs:61,未注册,src-tauri/crates/yss-node-kernel/src/builtins/mod.rs,未定位节点专用实现,,未核对,采样参数已声明；种子/执行策略待设计,未执行,,补接,仅确认分布采样定义；不对应同名回归、检验或生存模型。随机种子和执行实现需补齐。 原清单无直接对应条目或未单列；作为基础设施/额外能力保留。,2026-09-16,working-tree@ed2f321106433943f2eb1e9c0212de9c37d335ad
yssbi.distribution.pareto.sample,帕累托分布采样,Pareto Samples,概率分布采样,yssbi.distribution.pareto.sample,src-tauri/crates/yss-node-catalog/src/distribution/mod.rs:220,未注册,src-tauri/crates/yss-node-kernel/src/builtins/mod.rs,未定位节点专用实现,,未核对,采样参数已声明；种子/执行策略待设计,未执行,,补接,仅确认分布采样定义；不对应同名回归、检验或生存模型。随机种子和执行实现需补齐。 原清单无直接对应条目或未单列；作为基础设施/额外能力保留。,2026-09-16,working-tree@ed2f321106433943f2eb1e9c0212de9c37d335ad
yssbi.distribution.poisson.sample,泊松分布采样,Poisson Samples,概率分布采样,yssbi.distribution.poisson.sample,src-tauri/crates/yss-node-catalog/src/distribution/mod.rs:330,未注册,src-tauri/crates/yss-node-kernel/src/builtins/mod.rs,未定位节点专用实现,,未核对,采样参数已声明；种子/执行策略待设计,未执行,,补接,仅确认分布采样定义；不对应同名回归、检验或生存模型。随机种子和执行实现需补齐。 原清单无直接对应条目或未单列；作为基础设施/额外能力保留。,2026-09-16,working-tree@ed2f321106433943f2eb1e9c0212de9c37d335ad
yssbi.distribution.students_t.sample,学生 t 分布采样,Student's t Samples,概率分布采样,yssbi.distribution.students_t.sample,src-tauri/crates/yss-node-catalog/src/distribution/mod.rs:130,未注册,src-tauri/crates/yss-node-kernel/src/builtins/mod.rs,未定位节点专用实现,,未核对,采样参数已声明；种子/执行策略待设计,未执行,,补接,仅确认分布采样定义；不对应同名回归、检验或生存模型。随机种子和执行实现需补齐。 原清单无直接对应条目或未单列；作为基础设施/额外能力保留。,2026-09-16,working-tree@ed2f321106433943f2eb1e9c0212de9c37d335ad
yssbi.distribution.triangular.sample,三角分布采样,Triangular Samples,概率分布采样,yssbi.distribution.triangular.sample,src-tauri/crates/yss-node-catalog/src/distribution/mod.rs:248,未注册,src-tauri/crates/yss-node-kernel/src/builtins/mod.rs,未定位节点专用实现,,未核对,采样参数已声明；种子/执行策略待设计,未执行,,补接,仅确认分布采样定义；不对应同名回归、检验或生存模型。随机种子和执行实现需补齐。 原清单无直接对应条目或未单列；作为基础设施/额外能力保留。,2026-09-16,working-tree@ed2f321106433943f2eb1e9c0212de9c37d335ad
yssbi.distribution.uniform.sample,连续均匀分布采样,Uniform Samples,概率分布采样,yssbi.distribution.uniform.sample,src-tauri/crates/yss-node-catalog/src/distribution/mod.rs:75,未注册,src-tauri/crates/yss-node-kernel/src/builtins/mod.rs,未定位节点专用实现,,未核对,采样参数已声明；种子/执行策略待设计,未执行,,补接,仅确认分布采样定义；不对应同名回归、检验或生存模型。随机种子和执行实现需补齐。 原清单无直接对应条目或未单列；作为基础设施/额外能力保留。,2026-09-16,working-tree@ed2f321106433943f2eb1e9c0212de9c37d335ad
yssbi.distribution.weibull.sample,威布尔分布采样,Weibull Samples,概率分布采样,yssbi.distribution.weibull.sample,src-tauri/crates/yss-node-catalog/src/distribution/mod.rs:192,未注册,src-tauri/crates/yss-node-kernel/src/builtins/mod.rs,未定位节点专用实现,,未核对,采样参数已声明；种子/执行策略待设计,未执行,,补接,仅确认分布采样定义；不对应同名回归、检验或生存模型。随机种子和执行实现需补齐。 原清单无直接对应条目或未单列；作为基础设施/额外能力保留。,2026-09-16,working-tree@ed2f321106433943f2eb1e9c0212de9c37d335ad
yssbi.logic.and,且,And,逻辑与比较,yssbi.logic.and,src-tauri/crates/yss-node-catalog/src/builtin.rs:357,已注册（静态）,src-tauri/crates/yss-node-kernel/src/builtins/mod.rs,执行实现存在（静态）,src-tauri/crates/yss-node-kernel/src/builtins/mod.rs,结果查询基础；展示需逐项验收,定义与实现契约装配校验；未运行验收,未执行,,保留并验收,目录说明不代表运行实现；本表未做运行验收。 原清单无直接对应条目或未单列；作为基础设施/额外能力保留。,2026-09-16,working-tree@ed2f321106433943f2eb1e9c0212de9c37d335ad
yssbi.logic.equal,等于,Equal,逻辑与比较,yssbi.compare.equal,src-tauri/crates/yss-node-catalog/src/builtin.rs:306,已注册（静态）,src-tauri/crates/yss-node-kernel/src/builtins/mod.rs,执行实现存在（静态）,src-tauri/crates/yss-node-kernel/src/builtins/mod.rs,结果查询基础；展示需逐项验收,定义与实现契约装配校验；未运行验收,未执行,,保留并验收,目录说明不代表运行实现；本表未做运行验收。 原清单无直接对应条目或未单列；作为基础设施/额外能力保留。,2026-09-16,working-tree@ed2f321106433943f2eb1e9c0212de9c37d335ad
yssbi.logic.greater,大于,Greater Than,逻辑与比较,yssbi.compare.greater,src-tauri/crates/yss-node-catalog/src/builtin.rs:338,已注册（静态）,src-tauri/crates/yss-node-kernel/src/builtins/mod.rs,执行实现存在（静态）,src-tauri/crates/yss-node-kernel/src/builtins/mod.rs,结果查询基础；展示需逐项验收,定义与实现契约装配校验；未运行验收,未执行,,保留并验收,目录说明不代表运行实现；本表未做运行验收。 原清单无直接对应条目或未单列；作为基础设施/额外能力保留。,2026-09-16,working-tree@ed2f321106433943f2eb1e9c0212de9c37d335ad
yssbi.logic.greater_equal,大于等于,Greater or Equal,逻辑与比较,yssbi.compare.greater_equal,src-tauri/crates/yss-node-catalog/src/builtin.rs:346,已注册（静态）,src-tauri/crates/yss-node-kernel/src/builtins/mod.rs,执行实现存在（静态）,src-tauri/crates/yss-node-kernel/src/builtins/mod.rs,结果查询基础；展示需逐项验收,定义与实现契约装配校验；未运行验收,未执行,,保留并验收,目录说明不代表运行实现；本表未做运行验收。 原清单无直接对应条目或未单列；作为基础设施/额外能力保留。,2026-09-16,working-tree@ed2f321106433943f2eb1e9c0212de9c37d335ad
yssbi.logic.less,小于,Less Than,逻辑与比较,yssbi.compare.less,src-tauri/crates/yss-node-catalog/src/builtin.rs:322,已注册（静态）,src-tauri/crates/yss-node-kernel/src/builtins/mod.rs,执行实现存在（静态）,src-tauri/crates/yss-node-kernel/src/builtins/mod.rs,结果查询基础；展示需逐项验收,定义与实现契约装配校验；未运行验收,未执行,,保留并验收,目录说明不代表运行实现；本表未做运行验收。 原清单无直接对应条目或未单列；作为基础设施/额外能力保留。,2026-09-16,working-tree@ed2f321106433943f2eb1e9c0212de9c37d335ad
yssbi.logic.less_equal,小于等于,Less or Equal,逻辑与比较,yssbi.compare.less_equal,src-tauri/crates/yss-node-catalog/src/builtin.rs:330,已注册（静态）,src-tauri/crates/yss-node-kernel/src/builtins/mod.rs,执行实现存在（静态）,src-tauri/crates/yss-node-kernel/src/builtins/mod.rs,结果查询基础；展示需逐项验收,定义与实现契约装配校验；未运行验收,未执行,,保留并验收,目录说明不代表运行实现；本表未做运行验收。 原清单无直接对应条目或未单列；作为基础设施/额外能力保留。,2026-09-16,working-tree@ed2f321106433943f2eb1e9c0212de9c37d335ad
yssbi.logic.not,非,Not,逻辑与比较,yssbi.logic.not,src-tauri/crates/yss-node-catalog/src/builtin.rs:461,已注册（静态）,src-tauri/crates/yss-node-kernel/src/builtins/mod.rs,执行实现存在（静态）,src-tauri/crates/yss-node-kernel/src/builtins/mod.rs,结果查询基础；展示需逐项验收,定义与实现契约装配校验；未运行验收,未执行,,保留并验收,目录说明不代表运行实现；本表未做运行验收。 原清单无直接对应条目或未单列；作为基础设施/额外能力保留。,2026-09-16,working-tree@ed2f321106433943f2eb1e9c0212de9c37d335ad
yssbi.logic.not_equal,不等于,Not Equal,逻辑与比较,yssbi.compare.not_equal,src-tauri/crates/yss-node-catalog/src/builtin.rs:314,已注册（静态）,src-tauri/crates/yss-node-kernel/src/builtins/mod.rs,执行实现存在（静态）,src-tauri/crates/yss-node-kernel/src/builtins/mod.rs,结果查询基础；展示需逐项验收,定义与实现契约装配校验；未运行验收,未执行,,保留并验收,目录说明不代表运行实现；本表未做运行验收。 原清单无直接对应条目或未单列；作为基础设施/额外能力保留。,2026-09-16,working-tree@ed2f321106433943f2eb1e9c0212de9c37d335ad
yssbi.logic.or,或,Or,逻辑与比较,yssbi.logic.or,src-tauri/crates/yss-node-catalog/src/builtin.rs:365,已注册（静态）,src-tauri/crates/yss-node-kernel/src/builtins/mod.rs,执行实现存在（静态）,src-tauri/crates/yss-node-kernel/src/builtins/mod.rs,结果查询基础；展示需逐项验收,定义与实现契约装配校验；未运行验收,未执行,,保留并验收,目录说明不代表运行实现；本表未做运行验收。 原清单无直接对应条目或未单列；作为基础设施/额外能力保留。,2026-09-16,working-tree@ed2f321106433943f2eb1e9c0212de9c37d335ad
yssbi.numeric.add,加法,Add,数值运算,yssbi.numeric.add,src-tauri/crates/yss-node-catalog/src/core_nodes/math.rs:15,已注册（静态）,src-tauri/crates/yss-node-kernel/src/builtins/mod.rs,执行实现存在（静态）,src-tauri/crates/yss-node-kernel/src/builtins/numeric.rs,结果查询基础；展示需逐项验收,定义与实现契约装配校验；未运行验收,未执行,4,保留并验收,已有标量/数列四则运算；不与序列聚合 sum/mean 混为同一能力。,2026-09-16,working-tree@ed2f321106433943f2eb1e9c0212de9c37d335ad
yssbi.numeric.divide,除法,Divide,数值运算,yssbi.numeric.divide,src-tauri/crates/yss-node-catalog/src/core_nodes/math.rs:36,已注册（静态）,src-tauri/crates/yss-node-kernel/src/builtins/mod.rs,执行实现存在（静态）,src-tauri/crates/yss-node-kernel/src/builtins/numeric.rs,结果查询基础；展示需逐项验收,定义与实现契约装配校验；未运行验收,未执行,4,保留并验收,已有标量/数列四则运算；不与序列聚合 sum/mean 混为同一能力。,2026-09-16,working-tree@ed2f321106433943f2eb1e9c0212de9c37d335ad
yssbi.numeric.exp,指数函数,Exponential,数值运算,yssbi.numeric.exp,src-tauri/crates/yss-node-catalog/src/core_nodes/math.rs:67,未注册,src-tauri/crates/yss-node-kernel/src/builtins/mod.rs,未定位节点专用实现,,未核对,未核对,未执行,,补接,目录说明不代表运行实现；本表未做运行验收。 原清单无直接对应条目或未单列；作为基础设施/额外能力保留。,2026-09-16,working-tree@ed2f321106433943f2eb1e9c0212de9c37d335ad
yssbi.numeric.ln,自然对数,Natural Logarithm,数值运算,yssbi.numeric.ln,src-tauri/crates/yss-node-catalog/src/core_nodes/math.rs:46,未注册,src-tauri/crates/yss-node-kernel/src/builtins/mod.rs,未定位节点专用实现,,未核对,未核对,未执行,,补接,目录说明不代表运行实现；本表未做运行验收。 原清单无直接对应条目或未单列；作为基础设施/额外能力保留。,2026-09-16,working-tree@ed2f321106433943f2eb1e9c0212de9c37d335ad
yssbi.numeric.log10,常用对数,Base-10 Logarithm,数值运算,yssbi.numeric.log10,src-tauri/crates/yss-node-catalog/src/core_nodes/math.rs:60,未注册,src-tauri/crates/yss-node-kernel/src/builtins/mod.rs,未定位节点专用实现,,未核对,未核对,未执行,,补接,目录说明不代表运行实现；本表未做运行验收。 原清单无直接对应条目或未单列；作为基础设施/额外能力保留。,2026-09-16,working-tree@ed2f321106433943f2eb1e9c0212de9c37d335ad
yssbi.numeric.log2,以 2 为底的对数,Base-2 Logarithm,数值运算,yssbi.numeric.log2,src-tauri/crates/yss-node-catalog/src/core_nodes/math.rs:53,未注册,src-tauri/crates/yss-node-kernel/src/builtins/mod.rs,未定位节点专用实现,,未核对,未核对,未执行,,补接,目录说明不代表运行实现；本表未做运行验收。 原清单无直接对应条目或未单列；作为基础设施/额外能力保留。,2026-09-16,working-tree@ed2f321106433943f2eb1e9c0212de9c37d335ad
yssbi.numeric.multiply,乘法,Multiply,数值运算,yssbi.numeric.multiply,src-tauri/crates/yss-node-catalog/src/core_nodes/math.rs:29,已注册（静态）,src-tauri/crates/yss-node-kernel/src/builtins/mod.rs,执行实现存在（静态）,src-tauri/crates/yss-node-kernel/src/builtins/numeric.rs,结果查询基础；展示需逐项验收,定义与实现契约装配校验；未运行验收,未执行,4,保留并验收,已有标量/数列四则运算；不与序列聚合 sum/mean 混为同一能力。,2026-09-16,working-tree@ed2f321106433943f2eb1e9c0212de9c37d335ad
yssbi.numeric.sqrt,平方根,Square Root,数值运算,yssbi.numeric.sqrt,src-tauri/crates/yss-node-catalog/src/core_nodes/math.rs:74,未注册,src-tauri/crates/yss-node-kernel/src/builtins/mod.rs,未定位节点专用实现,,未核对,未核对,未执行,,补接,目录说明不代表运行实现；本表未做运行验收。 原清单无直接对应条目或未单列；作为基础设施/额外能力保留。,2026-09-16,working-tree@ed2f321106433943f2eb1e9c0212de9c37d335ad
yssbi.numeric.square,平方,Square,数值运算,yssbi.numeric.square,src-tauri/crates/yss-node-catalog/src/core_nodes/math.rs:81,未注册,src-tauri/crates/yss-node-kernel/src/builtins/mod.rs,未定位节点专用实现,,未核对,未核对,未执行,,补接,目录说明不代表运行实现；本表未做运行验收。 原清单无直接对应条目或未单列；作为基础设施/额外能力保留。,2026-09-16,working-tree@ed2f321106433943f2eb1e9c0212de9c37d335ad
yssbi.numeric.subtract,减法,Subtract,数值运算,yssbi.numeric.subtract,src-tauri/crates/yss-node-catalog/src/core_nodes/math.rs:22,已注册（静态）,src-tauri/crates/yss-node-kernel/src/builtins/mod.rs,执行实现存在（静态）,src-tauri/crates/yss-node-kernel/src/builtins/numeric.rs,结果查询基础；展示需逐项验收,定义与实现契约装配校验；未运行验收,未执行,4,保留并验收,已有标量/数列四则运算；不与序列聚合 sum/mean 混为同一能力。,2026-09-16,working-tree@ed2f321106433943f2eb1e9c0212de9c37d335ad
yssbi.plot.correlation.view,相关性图,Correlation Plot,绘图,yssbi.plot.correlation.view,src-tauri/crates/yss-node-catalog/src/plot/mod.rs:82,未注册,src-tauri/crates/yss-node-kernel/src/builtins/mod.rs,节点定义存在；计算入口未定位,,前端图形种类存在；计算链待核对,未核对,未执行,28,补接,目录说明不代表运行实现；本表未做运行验收。,2026-09-16,working-tree@ed2f321106433943f2eb1e9c0212de9c37d335ad
yssbi.plot.correlogram.view,相关图（ACF 与 PACF）,Correlogram (ACF & PACF),绘图,yssbi.plot.correlogram.view,src-tauri/crates/yss-node-catalog/src/plot/mod.rs:96,未注册,src-tauri/crates/yss-node-kernel/src/builtins/mod.rs,相关投影/算法可复用；节点未接入,src-tauri/crates/yss-sci/src/ts/acf_pacf.rs,渲染器/报告入口存在；节点未接入,未核对,未执行,117;324;325,补接,目录说明不代表运行实现；本表未做运行验收。,2026-09-16,working-tree@ed2f321106433943f2eb1e9c0212de9c37d335ad
yssbi.plot.ecdf.view,经验累积分布图,Empirical CDF,绘图,yssbi.plot.ecdf.view,src-tauri/crates/yss-node-catalog/src/plot/mod.rs:50,未注册,src-tauri/crates/yss-node-kernel/src/builtins/mod.rs,节点定义存在；计算入口未定位,,前端图形种类存在；计算链待核对,未核对,未执行,,补接,目录说明不代表运行实现；本表未做运行验收。 原清单无直接对应条目或未单列；作为基础设施/额外能力保留。,2026-09-16,working-tree@ed2f321106433943f2eb1e9c0212de9c37d335ad
yssbi.plot.histogram.view,直方图,Histogram,绘图,yssbi.plot.histogram.view,src-tauri/crates/yss-node-catalog/src/plot/mod.rs:73,未注册,src-tauri/crates/yss-node-kernel/src/builtins/mod.rs,相关投影/算法可复用；节点未接入,src-tauri/crates/yss-datafusion/src/profile.rs,渲染器/报告入口存在；节点未接入,未核对,未执行,225,补接,目录说明不代表运行实现；本表未做运行验收。,2026-09-16,working-tree@ed2f321106433943f2eb1e9c0212de9c37d335ad
yssbi.plot.kde.view,核密度估计图,Kernel Density Estimate,绘图,yssbi.plot.kde.view,src-tauri/crates/yss-node-catalog/src/plot/mod.rs:59,未注册,src-tauri/crates/yss-node-kernel/src/builtins/mod.rs,相关投影/算法可复用；节点未接入,src-tauri/crates/yss-sci/src/stats/density.rs,渲染器/报告入口存在；节点未接入,未核对,未执行,236,补接,目录说明不代表运行实现；本表未做运行验收。,2026-09-16,working-tree@ed2f321106433943f2eb1e9c0212de9c37d335ad
yssbi.plot.line.view,折线图,Line Plot,绘图,yssbi.plot.line.view,src-tauri/crates/yss-node-catalog/src/plot/mod.rs:41,未注册,src-tauri/crates/yss-node-kernel/src/builtins/mod.rs,相关投影/算法可复用；节点未接入,src-tauri/crates/yss-application/src/chart/projection.rs,渲染器/报告入口存在；节点未接入,未核对,未执行,118;233,补接,目录说明不代表运行实现；本表未做运行验收。,2026-09-16,working-tree@ed2f321106433943f2eb1e9c0212de9c37d335ad
yssbi.plot.scatter.view,散点图,Scatter Plot,绘图,yssbi.plot.scatter.view,src-tauri/crates/yss-node-catalog/src/plot/mod.rs:32,未注册,src-tauri/crates/yss-node-kernel/src/builtins/mod.rs,相关投影/算法可复用；节点未接入,src-tauri/crates/yss-application/src/chart/projection.rs,渲染器/报告入口存在；节点未接入,未核对,未执行,224,补接,目录说明不代表运行实现；本表未做运行验收。,2026-09-16,working-tree@ed2f321106433943f2eb1e9c0212de9c37d335ad
yssbi.project.function.call,调用函数,Call Function,函数结构,,src-tauri/crates/yss-node-catalog/src/project.rs:45,结构节点（函数执行链未接入）,src-tauri/crates/yss-node-catalog/src/project.rs:63,不适用（图结构）,,未核对,未核对,未执行,,后续接入,结构节点按 Graph 语义核对；当前函数子计划 lowering/execution 尚未接入，不应仅按 kernel 缺失计数。 原清单无直接对应条目或未单列；作为基础设施/额外能力保留。,2026-09-16,ed2f321106433943f2eb1e9c0212de9c37d335ad
yssbi.project.function.entry,函数入口,Function Entry,函数结构,,src-tauri/crates/yss-node-catalog/src/project.rs:31,结构节点（函数执行链未接入）,src-tauri/crates/yss-node-catalog/src/project.rs:63,不适用（图结构）,,未核对,未核对,未执行,,后续接入,结构节点按 Graph 语义核对；当前函数子计划 lowering/execution 尚未接入，不应仅按 kernel 缺失计数。 原清单无直接对应条目或未单列；作为基础设施/额外能力保留。,2026-09-16,ed2f321106433943f2eb1e9c0212de9c37d335ad
yssbi.project.function.return,函数返回,Function Return,函数结构,,src-tauri/crates/yss-node-catalog/src/project.rs:38,结构节点（函数执行链未接入）,src-tauri/crates/yss-node-catalog/src/project.rs:63,不适用（图结构）,,未核对,未核对,未执行,,后续接入,结构节点按 Graph 语义核对；当前函数子计划 lowering/execution 尚未接入，不应仅按 kernel 缺失计数。 原清单无直接对应条目或未单列；作为基础设施/额外能力保留。,2026-09-16,ed2f321106433943f2eb1e9c0212de9c37d335ad
yssbi.statistics.adf.summary,DF / ADF 汇总,DF / ADF Summary,统计,yssbi.statistics.adf.summary,src-tauri/crates/yss-node-catalog/src/statistics/families.rs:50,未注册,src-tauri/crates/yss-node-kernel/src/builtins/mod.rs,算法存在；范围需核对,src-tauri/crates/yss-sci/src/ts/unit_root.rs,报告组件/定义存在；执行待接入,需贯通配置,未执行,114,补接,目录说明不代表运行实现；本表未做运行验收。,2026-09-16,working-tree@ed2f321106433943f2eb1e9c0212de9c37d335ad
yssbi.statistics.adf.test,DF / ADF 单位根检验,Dickey–Fuller / Augmented Dickey–Fuller,统计,yssbi.statistics.adf.test,src-tauri/crates/yss-node-catalog/src/statistics/families.rs:41,未注册,src-tauri/crates/yss-node-kernel/src/builtins/mod.rs,算法存在；范围需核对,src-tauri/crates/yss-sci/src/ts/unit_root.rs,报告组件/定义存在；执行待接入,需贯通配置,未执行,114,补接,目录说明不代表运行实现；本表未做运行验收。,2026-09-16,working-tree@ed2f321106433943f2eb1e9c0212de9c37d335ad
yssbi.statistics.gls.fit,拟合 GLS,Fit GLS,统计,yssbi.statistics.gls.fit,src-tauri/crates/yss-node-catalog/src/statistics/families.rs:77,未注册,src-tauri/crates/yss-node-kernel/src/builtins/mod.rs,算法存在；执行未接入,src-tauri/crates/yss-sci/src/regression/linear_model/gls.rs,报告组件/定义存在；执行待接入,需贯通配置,未执行,257,补接,已有算法须核对参数、结果和范围后接入；注册成功不作为验收。,2026-09-16,working-tree@ed2f321106433943f2eb1e9c0212de9c37d335ad
yssbi.statistics.gls.summary,GLS 汇总,GLS Summary,统计,yssbi.statistics.gls.summary,src-tauri/crates/yss-node-catalog/src/statistics/families.rs:86,未注册,src-tauri/crates/yss-node-kernel/src/builtins/mod.rs,算法存在；执行未接入,src-tauri/crates/yss-sci/src/regression/linear_model/gls.rs,报告组件/定义存在；执行待接入,需贯通配置,未执行,257,补接,已有算法须核对参数、结果和范围后接入；注册成功不作为验收。,2026-09-16,working-tree@ed2f321106433943f2eb1e9c0212de9c37d335ad
yssbi.statistics.iv.2sls.summary,工具变量 2SLS 汇总,IV 2SLS Summary,统计,yssbi.statistics.iv.2sls.summary,src-tauri/crates/yss-node-catalog/src/statistics/families.rs:95,未注册,src-tauri/crates/yss-node-kernel/src/builtins/mod.rs,算法存在；范围需核对,src-tauri/crates/yss-sci/src/regression/linear_model/iv2sls/fit.rs,报告组件/定义存在；执行待接入,需贯通配置,未执行,101;283;301,补接,目录说明不代表运行实现；本表未做运行验收。,2026-09-16,working-tree@ed2f321106433943f2eb1e9c0212de9c37d335ad
yssbi.statistics.iv.liml.summary,工具变量 LIML 汇总,IV LIML Summary,统计,yssbi.statistics.iv.liml.summary,src-tauri/crates/yss-node-catalog/src/statistics/families.rs:104,未注册,src-tauri/crates/yss-node-kernel/src/builtins/mod.rs,算法存在；范围需核对,src-tauri/crates/yss-sci/src/regression/linear_model/ivliml.rs,报告组件/定义存在；执行待接入,需贯通配置,未执行,,补接,目录说明不代表运行实现；本表未做运行验收。 原清单无直接对应条目或未单列；作为基础设施/额外能力保留。,2026-09-16,working-tree@ed2f321106433943f2eb1e9c0212de9c37d335ad
yssbi.statistics.linear.predict,线性模型预测,Linear Prediction,统计,yssbi.statistics.linear.predict,src-tauri/crates/yss-node-catalog/src/statistics/families.rs:176,未注册,src-tauri/crates/yss-node-kernel/src/builtins/mod.rs,拟合值基础存在；新数据预测待接入,src-tauri/crates/yss-sci/src/regression/fit.rs,待接入预测结果,未核对,未执行,286,补接,目录说明不代表运行实现；本表未做运行验收。,2026-09-16,working-tree@ed2f321106433943f2eb1e9c0212de9c37d335ad
yssbi.statistics.logit.fit,拟合 Logit,Fit Logit,统计,yssbi.statistics.logit.fit,src-tauri/crates/yss-node-catalog/src/statistics/families.rs:117,未注册,src-tauri/crates/yss-node-kernel/src/builtins/mod.rs,算法存在；执行未接入,src-tauri/crates/yss-sci/src/regression/discrete/logit.rs,报告组件/定义存在；执行待接入,需贯通配置,未执行,44;47,补接,已有算法须核对参数、结果和范围后接入；注册成功不作为验收。,2026-09-16,working-tree@ed2f321106433943f2eb1e9c0212de9c37d335ad
yssbi.statistics.logit.predict,Logit 预测,Logit Prediction,统计,yssbi.statistics.logit.predict,src-tauri/crates/yss-node-catalog/src/statistics/families.rs:185,未注册,src-tauri/crates/yss-node-kernel/src/builtins/mod.rs,拟合值基础存在；新数据预测待接入,src-tauri/crates/yss-sci/src/regression/fit.rs,待接入预测结果,未核对,未执行,286,补接,目录说明不代表运行实现；本表未做运行验收。,2026-09-16,working-tree@ed2f321106433943f2eb1e9c0212de9c37d335ad
yssbi.statistics.logit.summary,Logit 汇总,Logit Summary,统计,yssbi.statistics.logit.summary,src-tauri/crates/yss-node-catalog/src/statistics/families.rs:126,未注册,src-tauri/crates/yss-node-kernel/src/builtins/mod.rs,算法存在；执行未接入,src-tauri/crates/yss-sci/src/regression/discrete/logit.rs,报告组件/定义存在；执行待接入,需贯通配置,未执行,44;47;91;279;280;281;285,补接,已有算法须核对参数、结果和范围后接入；注册成功不作为验收。,2026-09-16,working-tree@ed2f321106433943f2eb1e9c0212de9c37d335ad
yssbi.statistics.ols.fit,拟合 OLS,Fit OLS,统计,yssbi.statistics.ols.fit,src-tauri/crates/yss-node-catalog/src/statistics/families.rs:59,已注册（静态）,src-tauri/crates/yss-node-kernel/src/builtins/mod.rs,执行实现存在（静态）,src-tauri/crates/yss-node-kernel/src/builtins/statistics.rs;src-tauri/crates/yss-sci/src/regression/linear_model/ols/fit.rs,Summary 原生报告已接；Fit 模型结果需升级,OlsOptions 已贯通；Newey lag=0 目录约束待修正,未执行,12;33;34;35;62;252;271;272;273;274;275;276;277;278;282;304;324;325,统一 Fit/Summary 语义并验收,目录说明不代表运行实现；本表未做运行验收。,2026-09-16,working-tree@ed2f321106433943f2eb1e9c0212de9c37d335ad
yssbi.statistics.ols.summary,OLS 汇总,OLS Summary,统计,yssbi.statistics.ols.summary,src-tauri/crates/yss-node-catalog/src/statistics/families.rs:68,已注册（静态）,src-tauri/crates/yss-node-kernel/src/builtins/mod.rs,执行实现存在（静态）,src-tauri/crates/yss-node-kernel/src/builtins/statistics.rs;src-tauri/crates/yss-sci/src/regression/linear_model/ols/fit.rs,Summary 原生报告已接；Fit 模型结果需升级,OlsOptions 已贯通；Newey lag=0 目录约束待修正,未执行,12;33;34;35;62;252;271;272;273;274;275;276;277;278;282;304;324;325,统一 Fit/Summary 语义并验收,目录说明不代表运行实现；本表未做运行验收。,2026-09-16,working-tree@ed2f321106433943f2eb1e9c0212de9c37d335ad
yssbi.statistics.panel.did.twfe,面板双重差分（双向固定效应）,Panel DID (TWFE),统计,yssbi.statistics.panel.did.twfe,src-tauri/crates/yss-node-catalog/src/statistics/families.rs:144,未注册,src-tauri/crates/yss-node-kernel/src/builtins/mod.rs,算法存在；范围需核对,src-tauri/crates/yss-sci/src/regression/panel/fe.rs,报告组件/定义存在；执行待接入,需贯通配置,未执行,105;312,补接,目录说明不代表运行实现；本表未做运行验收。,2026-09-16,working-tree@ed2f321106433943f2eb1e9c0212de9c37d335ad
yssbi.statistics.panel.summary,面板模型汇总,Panel Model Summary,统计,yssbi.statistics.panel.summary,src-tauri/crates/yss-node-catalog/src/statistics/families.rs:135,未注册,src-tauri/crates/yss-node-kernel/src/builtins/mod.rs,算法存在；范围需核对,src-tauri/crates/yss-sci/src/regression/panel/mod.rs,报告组件/定义存在；执行待接入,需贯通配置,未执行,102;299;300;301;302;303,补接,目录说明不代表运行实现；本表未做运行验收。,2026-09-16,working-tree@ed2f321106433943f2eb1e9c0212de9c37d335ad
yssbi.statistics.prais.fit,拟合 Prais–Winsten,Fit Prais–Winsten,统计,yssbi.statistics.prais.fit,src-tauri/crates/yss-node-catalog/src/statistics/families.rs:158,未注册,src-tauri/crates/yss-node-kernel/src/builtins/mod.rs,算法存在；执行未接入,src-tauri/crates/yss-sci/src/regression/linear_model/prais.rs,报告组件/定义存在；执行待接入,需贯通配置,未执行,,补接,已有算法须核对参数、结果和范围后接入；注册成功不作为验收。 原清单无直接对应条目或未单列；作为基础设施/额外能力保留。,2026-09-16,working-tree@ed2f321106433943f2eb1e9c0212de9c37d335ad
yssbi.statistics.prais.summary,Prais–Winsten 汇总,Prais–Winsten Summary,统计,yssbi.statistics.prais.summary,src-tauri/crates/yss-node-catalog/src/statistics/families.rs:167,未注册,src-tauri/crates/yss-node-kernel/src/builtins/mod.rs,算法存在；执行未接入,src-tauri/crates/yss-sci/src/regression/linear_model/prais.rs,报告组件/定义存在；执行待接入,需贯通配置,未执行,,补接,已有算法须核对参数、结果和范围后接入；注册成功不作为验收。 原清单无直接对应条目或未单列；作为基础设施/额外能力保留。,2026-09-16,working-tree@ed2f321106433943f2eb1e9c0212de9c37d335ad
yssbi.statistics.probit.fit,拟合 Probit,Fit Probit,统计,yssbi.statistics.probit.fit,src-tauri/crates/yss-node-catalog/src/statistics/families.rs:203,未注册,src-tauri/crates/yss-node-kernel/src/builtins/mod.rs,算法存在；执行未接入,src-tauri/crates/yss-sci/src/regression/discrete/probit.rs,报告组件/定义存在；执行待接入,需贯通配置,未执行,49,补接,已有算法须核对参数、结果和范围后接入；注册成功不作为验收。,2026-09-16,working-tree@ed2f321106433943f2eb1e9c0212de9c37d335ad
yssbi.statistics.probit.predict,Probit 预测,Probit Prediction,统计,yssbi.statistics.probit.predict,src-tauri/crates/yss-node-catalog/src/statistics/families.rs:194,未注册,src-tauri/crates/yss-node-kernel/src/builtins/mod.rs,拟合值基础存在；新数据预测待接入,src-tauri/crates/yss-sci/src/regression/fit.rs,待接入预测结果,未核对,未执行,286,补接,目录说明不代表运行实现；本表未做运行验收。,2026-09-16,working-tree@ed2f321106433943f2eb1e9c0212de9c37d335ad
yssbi.statistics.probit.summary,Probit 汇总,Probit Summary,统计,yssbi.statistics.probit.summary,src-tauri/crates/yss-node-catalog/src/statistics/families.rs:212,未注册,src-tauri/crates/yss-node-kernel/src/builtins/mod.rs,算法存在；执行未接入,src-tauri/crates/yss-sci/src/regression/discrete/probit.rs,报告组件/定义存在；执行待接入,需贯通配置,未执行,49;279;280;281;285,补接,已有算法须核对参数、结果和范围后接入；注册成功不作为验收。,2026-09-16,working-tree@ed2f321106433943f2eb1e9c0212de9c37d335ad
yssbi.statistics.var.lag_order,VAR 滞后阶数选择,VAR Lag-order Selection,统计,yssbi.statistics.var.lag_order,src-tauri/crates/yss-node-catalog/src/statistics/families.rs:221,未注册,src-tauri/crates/yss-node-kernel/src/builtins/mod.rs,算法存在；范围需核对,src-tauri/crates/yss-sci/src/ts/var/varsoc.rs,报告组件/定义存在；执行待接入,需贯通配置,未执行,119;279;280,补接,目录说明不代表运行实现；本表未做运行验收。,2026-09-16,working-tree@ed2f321106433943f2eb1e9c0212de9c37d335ad
yssbi.statistics.var.summary,VAR 汇总,VAR Summary,统计,yssbi.statistics.var.summary,src-tauri/crates/yss-node-catalog/src/statistics/families.rs:230,未注册,src-tauri/crates/yss-node-kernel/src/builtins/mod.rs,算法存在；范围需核对,src-tauri/crates/yss-sci/src/ts/var/estimate.rs,报告组件/定义存在；执行待接入,需贯通配置,未执行,119;120;124;331;332,补接,目录说明不代表运行实现；本表未做运行验收。,2026-09-16,working-tree@ed2f321106433943f2eb1e9c0212de9c37d335ad
yssbi.statistics.vec.fit,向量误差修正模型,Vector Error-correction Model,统计,yssbi.statistics.vec.fit,src-tauri/crates/yss-node-catalog/src/statistics/families.rs:239,未注册,src-tauri/crates/yss-node-kernel/src/builtins/mod.rs,算法存在；范围需核对,src-tauri/crates/yss-sci/src/ts/vec/estimate.rs,报告组件/定义存在；执行待接入,需贯通配置,未执行,330,补接,目录说明不代表运行实现；本表未做运行验收。,2026-09-16,working-tree@ed2f321106433943f2eb1e9c0212de9c37d335ad
yssbi.statistics.vec.rank_test,Johansen 协整秩检验,Johansen Cointegration Rank,统计,yssbi.statistics.vec.rank_test,src-tauri/crates/yss-node-catalog/src/statistics/families.rs:248,未注册,src-tauri/crates/yss-node-kernel/src/builtins/mod.rs,算法存在；范围需核对,src-tauri/crates/yss-sci/src/ts/vec/vecrank.rs,报告组件/定义存在；执行待接入,需贯通配置,未执行,121,补接,目录说明不代表运行实现；本表未做运行验收。,2026-09-16,working-tree@ed2f321106433943f2eb1e9c0212de9c37d335ad
yssbi.statistics.wls.fit,拟合 WLS,Fit WLS,统计,yssbi.statistics.wls.fit,src-tauri/crates/yss-node-catalog/src/statistics/families.rs:257,未注册,src-tauri/crates/yss-node-kernel/src/builtins/mod.rs,算法存在；执行未接入,src-tauri/crates/yss-sci/src/regression/linear_model/wls.rs,报告组件/定义存在；执行待接入,需贯通配置,未执行,256,补接,已有算法须核对参数、结果和范围后接入；注册成功不作为验收。,2026-09-16,working-tree@ed2f321106433943f2eb1e9c0212de9c37d335ad
yssbi.statistics.wls.summary,WLS 汇总,WLS Summary,统计,yssbi.statistics.wls.summary,src-tauri/crates/yss-node-catalog/src/statistics/families.rs:266,未注册,src-tauri/crates/yss-node-kernel/src/builtins/mod.rs,算法存在；执行未接入,src-tauri/crates/yss-sci/src/regression/linear_model/wls.rs,报告组件/定义存在；执行待接入,需贯通配置,未执行,256,补接,已有算法须核对参数、结果和范围后接入；注册成功不作为验收。,2026-09-16,working-tree@ed2f321106433943f2eb1e9c0212de9c37d335ad
yssbi.value.convert,转换值,Convert Value,类型转换,yssbi.value.convert,src-tauri/crates/yss-node-catalog/src/core_nodes/value.rs:107,已注册（静态）,src-tauri/crates/yss-node-kernel/src/builtins/mod.rs,执行实现存在（静态）,src-tauri/crates/yss-node-kernel/src/builtins/mod.rs,结果查询基础；展示需逐项验收,定义与实现契约装配校验；未运行验收,未执行,,保留并验收,目录说明不代表运行实现；本表未做运行验收。 原清单无直接对应条目或未单列；作为基础设施/额外能力保留。,2026-09-16,working-tree@ed2f321106433943f2eb1e9c0212de9c37d335ad
